{
  "log": {
    "rmse": 0.1891240563716645,
    "mae": 0.07416069326406374,
    "r2": 0.9762799025467525
  },
  "eur_smearing": {
    "rmse": 1940445.11447896,
    "mae": 304094.70581735123,
    "r2": 0.9324781756655047
  },
  "smear": 1.0011601034147737
}